{
    "loss": [
        0.8697215392134952,
        0.37408519734055773,
        0.35608706115799255,
        0.32132688552086375,
        0.2773065246518297,
        0.24111890630222113,
        0.21600773942426696
    ],
    "accuracy": [
        0.8554644808742107,
        0.9246274217584545,
        0.9246274217584545,
        0.9249379036263133,
        0.9262791852954637,
        0.929644808743054,
        0.9337431693987912
    ],
    "val_loss": [
        0.4844667531957674,
        0.470961221415012,
        0.4526183062524938,
        0.4238525196094418,
        0.4245524080238532,
        0.42692080955600265,
        0.4468704346400588
    ],
    "val_accuracy": [
        0.9010065474436616,
        0.9010065474436616,
        0.9010065474436616,
        0.901495162708002,
        0.9029610085010231,
        0.9060881461928015,
        0.9081403303030312
    ],
    "learning_rates": [
        0.001,
        0.001,
        0.001,
        0.001,
        0.001,
        0.001,
        0.0005
    ],
    "epoch_times": [
        0.78365159034729,
        0.6503124237060547,
        0.6595509052276611,
        0.6632230281829834,
        0.653961181640625,
        0.6558473110198975,
        0.652087926864624
    ],
    "total_train_time": 4.729043006896973
}