{
    "loss": [
        0.93684795370941,
        0.37172130490284916,
        0.3517174778687742,
        0.3288414682587694,
        0.2982697475548539,
        0.26422219446179035,
        0.23094557197381937,
        0.20110305375405282,
        0.17398507860195117,
        0.15348555874433495
    ],
    "accuracy": [
        0.8284277198210596,
        0.9246274217584545,
        0.9246274217584545,
        0.9246274217584545,
        0.9246398410331689,
        0.9271609538001829,
        0.93328365623436,
        0.9398286140088252,
        0.9470938897167229,
        0.9523720814703239
    ],
    "val_loss": [
        0.5247815506375251,
        0.5050990492550295,
        0.49123171342546074,
        0.4881934974324051,
        0.4695934546527578,
        0.45218819913579456,
        0.4361016020846011,
        0.44920593292558963,
        0.4379647869375808,
        0.44908474333843784
    ],
    "val_accuracy": [
        0.9010065474436616,
        0.9010065474436616,
        0.9010065474436616,
        0.9010065474436616,
        0.9011042704965296,
        0.9042314081883082,
        0.9069676536686142,
        0.9097038991489204,
        0.9120492524177543,
        0.9138082673693796
    ],
    "learning_rates": [
        0.001,
        0.001,
        0.001,
        0.001,
        0.001,
        0.001,
        0.001,
        0.001,
        0.001,
        0.0005
    ],
    "epoch_times": [
        0.6045513153076172,
        0.4772768020629883,
        0.48979735374450684,
        0.4957897663116455,
        0.4825582504272461,
        0.47260594367980957,
        0.4880681037902832,
        0.4819619655609131,
        0.46993589401245117,
        0.47847819328308105
    ],
    "total_train_time": 4.9514501094818115
}