{
    "loss": [
        0.802471314742476,
        0.36634733352026716,
        0.3357404692819117,
        0.3029126648446813,
        0.2657746260952613,
        0.23161222509340887,
        0.2009058861115606,
        0.17372595621609818,
        0.14911700227851155,
        0.12815711860145843
    ],
    "accuracy": [
        0.8677347242919936,
        0.9246274217584545,
        0.9246150024837402,
        0.9253601589666014,
        0.9288127173371922,
        0.9345752608046529,
        0.9415176353699775,
        0.9483606557375872,
        0.9551167411821964,
        0.9611773472428017
    ],
    "val_loss": [
        0.4725640668204768,
        0.4371318760795973,
        0.40514374090664423,
        0.3758680375654306,
        0.3501931842583329,
        0.32876297371897534,
        0.3123372859919249,
        0.2984607763847901,
        0.29048817682622086,
        0.27838965494241286
    ],
    "val_accuracy": [
        0.9010065474436616,
        0.9010065474436616,
        0.9010065474436616,
        0.9012997166022658,
        0.9036450698710997,
        0.9085312225145035,
        0.9106811296776012,
        0.9134173751579072,
        0.9180103586427069,
        0.920844327175881
    ],
    "learning_rates": [
        0.001,
        0.001,
        0.001,
        0.001,
        0.001,
        0.001,
        0.001,
        0.001,
        0.001,
        0.001
    ],
    "epoch_times": [
        0.5650699138641357,
        0.5404956340789795,
        0.46086907386779785,
        0.48329687118530273,
        0.4929828643798828,
        0.48432230949401855,
        0.48859572410583496,
        0.465221643447876,
        0.46747326850891113,
        0.4835505485534668
    ],
    "total_train_time": 4.949205160140991
}