{
    "loss": [
        0.9416033995802018,
        0.36916841028439784,
        0.3482975061322779,
        0.31677550373451613,
        0.279805843291803,
        0.24550972966640586,
        0.2135891125181714,
        0.185550196524561,
        0.16068648417656733,
        0.138150794942053
    ],
    "accuracy": [
        0.8097863884748125,
        0.9246274217584545,
        0.9246274217584545,
        0.9246398410331689,
        0.9254967709884594,
        0.9299180327867698,
        0.9361525086933761,
        0.9433556880277021,
        0.9503601589665983,
        0.9567560854444912
    ],
    "val_loss": [
        0.47586126232621684,
        0.45199309178252717,
        0.42527907701274054,
        0.3954451534878555,
        0.3653623783469793,
        0.34522759276836074,
        0.33600343608144506,
        0.32618619197636695,
        0.31543828702684656,
        0.31807605766538366
    ],
    "val_accuracy": [
        0.9010065474436616,
        0.9010065474436616,
        0.9010065474436616,
        0.9011042704965296,
        0.9030587315538912,
        0.9062835922985377,
        0.9086289455673715,
        0.9116583602062819,
        0.9150786670566645,
        0.9167399589554218
    ],
    "epoch_times": [
        0.27579522132873535,
        0.2440192699432373,
        0.25260353088378906,
        0.23942112922668457,
        0.23371315002441406,
        0.23196005821228027,
        0.25030088424682617,
        0.23059535026550293,
        0.23917150497436523,
        0.23343491554260254
    ],
    "total_train_time": 2.4375009536743164
}