{
    "loss": [
        1.001072900782035,
        0.43196607067276555,
        0.40614771685813705,
        0.380407707227804,
        0.34000759103559847,
        0.2940967973575206,
        0.25846583679875734,
        0.22963808180911638,
        0.20441747967046436,
        0.18342866878762412
    ],
    "accuracy": [
        0.7705787382015934,
        0.924366616989453,
        0.9244535519124535,
        0.9244783904618823,
        0.9244535519124535,
        0.9245901639343115,
        0.9248261301538842,
        0.9265027322403221,
        0.9335196224539328,
        0.939542970690395
    ],
    "val_loss": [
        0.5555233928694654,
        0.5123047369036509,
        0.4886578288837452,
        0.4506028683031376,
        0.40236699403221926,
        0.3693140706612696,
        0.3493213655047156,
        0.3317093947040501,
        0.32906455750489116,
        0.31449949088974377
    ],
    "val_accuracy": [
        0.8998338708092447,
        0.9010065474436616,
        0.9010065474436616,
        0.9010065474436616,
        0.9010065474436616,
        0.9012019935493978,
        0.9013974396551339,
        0.9032541776596273,
        0.9059904231399335,
        0.9072608228272184
    ],
    "epoch_times": [
        0.2648344039916992,
        0.2215259075164795,
        0.23741483688354492,
        0.21537446975708008,
        0.2260134220123291,
        0.2202129364013672,
        0.23815393447875977,
        0.25803565979003906,
        0.22176122665405273,
        0.22965741157531738
    ],
    "total_train_time": 2.340015411376953
}