{
    "loss": [
        0.8733437617887828,
        0.4259870110809401,
        0.4016364007950706,
        0.3716783782662533,
        0.3286218972457544,
        0.2853050505106322,
        0.24981149382418755,
        0.21974955684637307,
        0.19816154818056844
    ],
    "accuracy": [
        0.922441629408728,
        0.9246150024837402,
        0.9246150024837402,
        0.9246398410331689,
        0.9246150024837402,
        0.9246646795825976,
        0.9261674118230345,
        0.9316691505214939,
        0.9365623447589498
    ],
    "val_loss": [
        0.5480612839632366,
        0.5175225159422082,
        0.4997170994530863,
        0.49931479567912085,
        0.4991008096666478,
        0.4930634382945388,
        0.49932721835463795,
        0.5059703369045732,
        0.5059097685031037
    ],
    "val_accuracy": [
        0.9010065474436616,
        0.9010065474436616,
        0.9010065474436616,
        0.9010065474436616,
        0.9013974396551339,
        0.9012019935493978,
        0.9024723932366827,
        0.9043291312411762,
        0.9038405159768358
    ],
    "learning_rates": [
        0.001,
        0.001,
        0.001,
        0.001,
        0.001,
        0.001,
        0.001,
        0.001,
        0.0005
    ],
    "epoch_times": [
        0.5699005126953125,
        0.4733896255493164,
        0.49282050132751465,
        0.47988295555114746,
        0.5071892738342285,
        0.4864678382873535,
        0.47998499870300293,
        0.46538329124450684,
        0.4774904251098633
    ],
    "total_train_time": 4.442134618759155
}