{
    "loss": [
        1.0021927706088705,
        0.4300220371352464,
        0.39063204274010904,
        0.35682081695643764,
        0.3222174443473559,
        0.2886850680769915,
        0.2566320759836404,
        0.22747753370509857,
        0.2025577928813815,
        0.1799750673412765
    ],
    "accuracy": [
        0.7895429706904137,
        0.9207898658717187,
        0.9217958271235815,
        0.9225906607053003,
        0.9236959761548779,
        0.9265399900644652,
        0.9316318926973508,
        0.9383383010431026,
        0.9434550422254169,
        0.9485096870341594
    ],
    "val_loss": [
        0.5781017645674559,
        0.5113457580704001,
        0.4893595534770643,
        0.4690090901222988,
        0.4470053917139917,
        0.4350161493121095,
        0.4143036959776238,
        0.40506226447091176,
        0.4015063821379818,
        0.38752823237756
    ],
    "val_accuracy": [
        0.8966090100645981,
        0.897683963646147,
        0.8985634711219597,
        0.8990520863863001,
        0.9001270399678489,
        0.9031564546067593,
        0.9062835922985377,
        0.9089221147259757,
        0.9120492524177543,
        0.91429688263372
    ],
    "epoch_times": [
        0.2841176986694336,
        0.20000457763671875,
        0.19619131088256836,
        0.18636035919189453,
        0.20313811302185059,
        0.1873154640197754,
        0.19474458694458008,
        0.18235063552856445,
        0.21270108222961426,
        0.2131192684173584
    ],
    "total_train_time": 2.066282272338867
}