{
    "loss": [
        0.9010445263618198,
        0.4289362925937905,
        0.38849755557017557,
        0.35353986325986103,
        0.31747410538224335,
        0.2834022536115512,
        0.2528768051153016,
        0.22474249060865856,
        0.1997791060014125,
        0.17699870312783997
    ],
    "accuracy": [
        0.8519249875806195,
        0.9219696969695825,
        0.9226403378041577,
        0.9233358171881616,
        0.9247888723297412,
        0.9273969200197557,
        0.931048186785776,
        0.9365623447589498,
        0.943703427719704,
        0.9491803278687346
    ],
    "val_loss": [
        0.5615628536660873,
        0.4969386852795805,
        0.4626078332834576,
        0.4287761790835442,
        0.4083586977192418,
        0.3925805689387061,
        0.3830307427033856,
        0.3763934790495023,
        0.37883843844802817,
        0.3635717301226374
    ],
    "val_accuracy": [
        0.8919183035269306,
        0.8943613798486324,
        0.8960226717473897,
        0.8971953483818066,
        0.8995407016506405,
        0.8982703019633554,
        0.8955340564830493,
        0.8903547346810413,
        0.8870321508835267,
        0.8893775041523605
    ],
    "learning_rates": [
        0.001,
        0.001,
        0.001,
        0.001,
        0.001,
        0.001,
        0.001,
        0.001,
        0.001,
        0.001
    ],
    "epoch_times": [
        0.530418872833252,
        0.5008432865142822,
        0.43923425674438477,
        0.4261438846588135,
        0.41790199279785156,
        0.4152693748474121,
        0.4168062210083008,
        0.4204685688018799,
        0.4216299057006836,
        0.4214515686035156
    ],
    "total_train_time": 4.423622131347656
}