{
    "loss": [
        1.019652044933899,
        0.42643134000840766,
        0.3919719330633001,
        0.3615086349623836,
        0.32758070421613555,
        0.29373201388000053,
        0.2639717750758353,
        0.2366685797143465,
        0.21386780823249163,
        0.19351601712108754
    ],
    "accuracy": [
        0.8657103825135537,
        0.9226403378041577,
        0.9233979135617334,
        0.923907103825022,
        0.9243045206158813,
        0.9248012916044555,
        0.9265896671633226,
        0.9308122205662034,
        0.9361773472428048,
        0.9406482861399726
    ],
    "val_loss": [
        0.5705296859812381,
        0.5108780312300915,
        0.48667702686727343,
        0.46786492558854137,
        0.4438384670523269,
        0.4291269705070192,
        0.41649434637667526,
        0.4059556417204254,
        0.39824624144615817,
        0.39012430763956324
    ],
    "val_accuracy": [
        0.8985634711219597,
        0.8993452555449043,
        0.8994429785977723,
        0.9009088243907936,
        0.9011042704965296,
        0.9011042704965296,
        0.9020815010252105,
        0.9036450698710997,
        0.9074562689329546,
        0.9094107299903161
    ],
    "learning_rates": [
        0.001,
        0.001,
        0.001,
        0.001,
        0.001,
        0.001,
        0.001,
        0.001,
        0.001,
        0.001
    ],
    "epoch_times": [
        0.577911376953125,
        0.4479334354400635,
        0.436612606048584,
        0.4349067211151123,
        0.43512535095214844,
        0.4365811347961426,
        0.4467778205871582,
        0.43628621101379395,
        0.4324796199798584,
        0.4474048614501953
    ],
    "total_train_time": 4.544759273529053
}