{
    "loss": [
        1.0679805884326183,
        0.4293139418490016,
        0.3876026521826872,
        0.35256376148074187,
        0.3198259770322036,
        0.2905542928517632,
        0.2628794989470395,
        0.23846640577168643,
        0.2153332000364196,
        0.19506134692143254
    ],
    "accuracy": [
        0.8079731743665167,
        0.9223422752110132,
        0.9230874316938744,
        0.9233233979134472,
        0.9237083954295923,
        0.9241803278687377,
        0.9267511177346093,
        0.9306135121707737,
        0.9356308991553731,
        0.9410332836561176
    ],
    "val_loss": [
        0.5868187265016547,
        0.5165837457524011,
        0.5016692375662315,
        0.49500891314217105,
        0.5023374658318894,
        0.4914814903961485,
        0.48872245633186984,
        0.48974481892229904,
        0.49566626637729244,
        0.492071975226426
    ],
    "val_accuracy": [
        0.8982703019633554,
        0.8990520863863001,
        0.8990520863863001,
        0.900224763020717,
        0.9000293169149809,
        0.9003224860735851,
        0.9028632854481551,
        0.9045245773469124,
        0.90667448451001,
        0.9095084530431842
    ],
    "epoch_times": [
        0.25170087814331055,
        0.19352006912231445,
        0.2373652458190918,
        0.20054054260253906,
        0.18040180206298828,
        0.1932976245880127,
        0.21876811981201172,
        0.20722699165344238,
        0.24416208267211914,
        0.21934056282043457
    ],
    "total_train_time": 2.1502203941345215
}