{
    "loss": [
        0.8022152009476627,
        0.4013354567060582,
        0.37402394867104155,
        0.341772304785025,
        0.30466550089770633,
        0.2673256866848593,
        0.23653950811272967,
        0.20893016570846704,
        0.18621714656189275,
        0.16759380668968163
    ],
    "accuracy": [
        0.8302160953799267,
        0.919821162443999,
        0.9215722801787232,
        0.9229259811225878,
        0.9246895181320263,
        0.929297069051052,
        0.9343268753103658,
        0.939890710382397,
        0.9452558370589984,
        0.9502856433183122
    ],
    "val_loss": [
        0.5322074469049178,
        0.4749839519386861,
        0.44104795669441793,
        0.4057768509162599,
        0.37528679694109296,
        0.35571779392251923,
        0.33190590439744255,
        0.3132327852854088,
        0.29891848742072263,
        0.2894571530285166
    ],
    "val_accuracy": [
        0.8892797810994925,
        0.8936773184785559,
        0.8946545490072366,
        0.8965112870117301,
        0.8963158409059939,
        0.8984657480690916,
        0.9031564546067593,
        0.9055995309284611,
        0.9085312225145035,
        0.9107788527304692
    ],
    "learning_rates": [
        0.001,
        0.001,
        0.001,
        0.001,
        0.001,
        0.001,
        0.001,
        0.001,
        0.001,
        0.001
    ],
    "epoch_times": [
        1.3638274669647217,
        0.46470046043395996,
        0.45711469650268555,
        0.438098669052124,
        0.42760419845581055,
        0.434389591217041,
        0.42149877548217773,
        0.42668938636779785,
        0.42197680473327637,
        0.4529097080230713
    ],
    "total_train_time": 5.325722694396973
}