{
    "loss": [
        0.8705356809568142,
        0.4112252126728224,
        0.38860500703042156,
        0.36340484326416406,
        0.3336763189732115,
        0.29805712176202487,
        0.2626639195631648,
        0.23047891268329632,
        0.20478833804351285,
        0.18051983238837968
    ],
    "accuracy": [
        0.7807004470937928,
        0.9182687531047047,
        0.9205414803774317,
        0.9215226030798657,
        0.9227396920018726,
        0.9253353204171727,
        0.9307252856432029,
        0.936115250869233,
        0.9410084451066889,
        0.9463735717832904
    ],
    "val_loss": [
        0.5448060821537948,
        0.5002276663163409,
        0.47872703318572163,
        0.4504022002220154,
        0.41966570150199817,
        0.38873578986125207,
        0.3604316032347988,
        0.34051931438161365,
        0.32820691887419023,
        0.3257231168189452
    ],
    "val_accuracy": [
        0.8909410729982498,
        0.8958272256416536,
        0.8968044561703343,
        0.8984657480690916,
        0.8995407016506405,
        0.9023746701838147,
        0.9042314081883082,
        0.9061858692456697,
        0.910583406624733,
        0.9125378676820946
    ],
    "epoch_times": [
        0.5899615287780762,
        0.1706838607788086,
        0.1955428123474121,
        0.1720592975616455,
        0.19510674476623535,
        0.24522805213928223,
        0.19545507431030273,
        0.17358732223510742,
        0.18491435050964355,
        0.20726609230041504
    ],
    "total_train_time": 2.336151599884033
}